{
  "priceCategories": [
      {
          "priceCategoryId": 79,
          "priceCategoryCode": 2,
          "priceCategoryName": "GOLD"
      },
      {
          "priceCategoryId": 82,
          "priceCategoryCode": 3,
          "priceCategoryName": "SILVER"
      },
      {
          "priceCategoryId": 78,
          "priceCategoryCode": 1,
          "priceCategoryName": "VIP"
      }
  ],
  "priceTypes": [
      {
          "priceTypeId": 152,
          "priceTypeCode": "D",
          "priceTypeName": "Adult",
          "priceTypeDescription": null,
          "priceSheetId": 0,
          "admitCount": 1,
          "concessionCount": 0,
          "offerCode": null,
          "qualifierCode": null,
          "entitlement": null
      },
      {
          "priceTypeId": 154,
          "priceTypeCode": "E",
          "priceTypeName": "Adult",
          "priceTypeDescription": null,
          "priceSheetId": 0,
          "admitCount": 1,
          "concessionCount": 0,
          "offerCode": null,
          "qualifierCode": null,
          "entitlement": null
      },
      {
          "priceTypeId": 164,
          "priceTypeCode": "A",
          "priceTypeName": "VIP Adult ",
          "priceTypeDescription": null,
          "priceSheetId": 0,
          "admitCount": 1,
          "concessionCount": 0,
          "offerCode": null,
          "qualifierCode": null,
          "entitlement": null
      },
      {
          "priceTypeId": 166,
          "priceTypeCode": "B",
          "priceTypeName": "VIP 10% OFF ",
          "priceTypeDescription": null,
          "priceSheetId": 0,
          "admitCount": 1,
          "concessionCount": 0,
          "offerCode": null,
          "qualifierCode": null,
          "entitlement": null
      },
      {
          "priceTypeId": 168,
          "priceTypeCode": "C",
          "priceTypeName": "Comps",
          "priceTypeDescription": null,
          "priceSheetId": 0,
          "admitCount": 1,
          "concessionCount": 0,
          "offerCode": null,
          "qualifierCode": null,
          "entitlement": null
      }
  ],
  "basketPrices": [
      null
  ],
  "offerPrices": [
      {
          "prices": [
              null
          ],
          "feeTypes": [
              {
                  "feeType": null,
                  "feeTypeName": null,
                  "inside": false,
                  "feeBucket": null,
                  "feesDetailed": [
                      {
                          "feeId": null,
                          "feeSheetId": 0,
                          "feeCode": null,
                          "feeName": null,
                          "feeDescription": null,
                          "feeTotal": 0.0,
                          "financeCode": null
                      }
                  ]
              }
          ]
      }
  ],
  "ticketPrices": [
      {
          "prices": [
              {
                  "feeTypes": null,
                  "priceCategoryCode": "2",
                  "priceCategoryId": 79,
                  "priceId": 152,
                  "priceNet": 35000,
                  "priceSheetId": 0,
                  "priceTypeCode": "D",
                  "priceTypeId": 152
              },
              {
                  "feeTypes": null,
                  "priceCategoryCode": "3",
                  "priceCategoryId": 82,
                  "priceId": 154,
                  "priceNet": 25000,
                  "priceSheetId": 0,
                  "priceTypeCode": "E",
                  "priceTypeId": 154
              },
              {
                  "feeTypes": null,
                  "priceCategoryCode": "1",
                  "priceCategoryId": 78,
                  "priceId": 164,
                  "priceNet": 50000,
                  "priceSheetId": 0,
                  "priceTypeCode": "A",
                  "priceTypeId": 164
              },
              {
                  "feeTypes": null,
                  "priceCategoryCode": "1",
                  "priceCategoryId": 78,
                  "priceId": 166,
                  "priceNet": 45000,
                  "priceSheetId": 0,
                  "priceTypeCode": "B",
                  "priceTypeId": 166
              },
              {
                  "feeTypes": null,
                  "priceCategoryCode": "1",
                  "priceCategoryId": 78,
                  "priceId": 168,
                  "priceNet": 0,
                  "priceSheetId": 0,
                  "priceTypeCode": "C",
                  "priceTypeId": 168
              }
          ],
          "feeTypes": [
              null
          ]
      }
  ]
}